masses,Portal_Coupling,sigma_SI_n,sigma_halo_cm3,BR
10.0,0.724093375618556,2.197714314636979e-12,5.460676242146377e-22,0.0014819691521120735
57.5,0.008729142791450952,1.1192097051367182e-17,3.812999339978677e-25,0.9622636171278179
105.0,0.07127147388763984,2.270373626837106e-16,3.6292372418343666e-23,1.0
152.5,0.08596218853011692,1.5744266602569138e-16,2.5191122647577363e-23,1.0
200.0,0.17272252335662838,3.7063741494866667e-16,7.858925699084658e-23,1.0
